{"frames": [

{
	"filename": "green_end.png",
	"frame": {"x":100,"y":0,"w":20,"h":33},
	"rotated": false,
	"trimmed": false,
	"spriteSourceSize": {"x":0,"y":0,"w":20,"h":33},
	"sourceSize": {"w":20,"h":33}
},
{
	"filename": "green_start.png",
	"frame": {"x":80,"y":0,"w":20,"h":33},
	"rotated": false,
	"trimmed": false,
	"spriteSourceSize": {"x":0,"y":0,"w":20,"h":33},
	"sourceSize": {"w":20,"h":33}
},
{
	"filename": "middle_bar.png",
	"frame": {"x":120,"y":0,"w":517,"h":33},
	"rotated": false,
	"trimmed": false,
	"spriteSourceSize": {"x":0,"y":0,"w":517,"h":33},
	"sourceSize": {"w":517,"h":33}
},
{
	"filename": "middle_bar_.png",
	"frame": {"x":0,"y":99,"w":615,"h":33},
	"rotated": false,
	"trimmed": false,
	"spriteSourceSize": {"x":0,"y":0,"w":615,"h":33},
	"sourceSize": {"w":615,"h":33}
},
{
	"filename": "middle_bar_red.png",
	"frame": {"x":0,"y":33,"w":615,"h":33},
	"rotated": false,
	"trimmed": false,
	"spriteSourceSize": {"x":0,"y":0,"w":615,"h":33},
	"sourceSize": {"w":615,"h":33}
},
{
	"filename": "middle_bar_yellow.png",
	"frame": {"x":0,"y":66,"w":615,"h":33},
	"rotated": false,
	"trimmed": false,
	"spriteSourceSize": {"x":0,"y":0,"w":615,"h":33},
	"sourceSize": {"w":615,"h":33}
},
{
	"filename": "red_end.png",
	"frame": {"x":40,"y":0,"w":20,"h":33},
	"rotated": false,
	"trimmed": false,
	"spriteSourceSize": {"x":0,"y":0,"w":20,"h":33},
	"sourceSize": {"w":20,"h":33}
},
{
	"filename": "red_start.png",
	"frame": {"x":20,"y":0,"w":20,"h":33},
	"rotated": false,
	"trimmed": false,
	"spriteSourceSize": {"x":0,"y":0,"w":20,"h":33},
	"sourceSize": {"w":20,"h":33}
},
{
	"filename": "yellow_end.png",
	"frame": {"x":0,"y":0,"w":20,"h":33},
	"rotated": false,
	"trimmed": false,
	"spriteSourceSize": {"x":0,"y":0,"w":20,"h":33},
	"sourceSize": {"w":20,"h":33}
},
{
	"filename": "yellow_start.png",
	"frame": {"x":60,"y":0,"w":20,"h":33},
	"rotated": false,
	"trimmed": false,
	"spriteSourceSize": {"x":0,"y":0,"w":20,"h":33},
	"sourceSize": {"w":20,"h":33}
}],
"meta": {
	"app": "http://www.codeandweb.com/texturepacker",
	"version": "1.0",
	"image": "timerGauge.png",
	"format": "RGBA8888",
	"size": {"w":637,"h":132},
	"scale": "1",
	"smartupdate": "$TexturePacker:SmartUpdate:e3580ad376654136c017c3054a075424:966ffa0ed8590edb1d27c2a28c147db7:0432027f3eb46ccf502ba48af4d04990$"
}
}
