{
    "ingame": [
        {
            "type": "atlas",
            "key": "blocks",
            "textureURL": "assets/images/blocks.png",
            "atlasURL": "assets/images/blocks.json",
            "format": "TEXTURE_ATLAS_JSON_ARRAY"
        },
        {
            "type": "spritesheet",
            "key": "animExplodeNormal",
            "url": "assets/spritesheets/animExplodeNormal.png",
            "frameWidth": 178,
            "frameHeight": 178,
            "frameMax": -1,
            "margin": 0,
            "spacing": 0
        },
        {
            "type": "script",
            "key": "InGameScene",
            "url": "assets/canvas/InGameScene.js"
        },
        {
            "type": "spritesheet",
            "key": "bombGauge",
            "url": "assets/spritesheets/bomb_gauge.png",
            "frameWidth": 180,
            "frameHeight": 190,
            "frameMax": -1,
            "margin": 0,
            "spacing": 0
        },
        {
            "type": "image",
            "key": "inGameBG",
            "url": "assets/images/inGameUI/inGameBG.jpg",
            "overwrite": false
        },
        {
            "type": "atlas",
            "key": "playerInfoUI",
            "textureURL": "assets/images/playerInfoUI.png",
            "atlasURL": "assets/images/playerInfoUI.json",
            "format": "TEXTURE_ATLAS_JSON_ARRAY"
        },
        {
            "type": "audio",
            "key": "BGM_Game",
            "urls": ["assets/sounds/BGM_Game.mp3"],
            "autoDecode": true
        },
        {
            "type": "audio",
            "key": "SE_Block_Click",
            "urls": ["assets/sounds/SE_Block_Click.wav"],
            "autoDecode": true
        },
        {
            "type": "audio",
            "key": "SE_Block_MissMatch",
            "urls": ["assets/sounds/SE_Block_MissMatch.wav"],
            "autoDecode": true
        },
        {
            "type": "audio",
            "key": "SE_Block_Switch",
            "urls": ["assets/sounds/SE_Block_Switch.wav"],
            "autoDecode": true
        },
        {
            "type": "audio",
            "key": "SE_Combo3",
            "urls": ["assets/sounds/SE_Combo3.mp3"],
            "autoDecode": true
        },
        {
            "type": "audio",
            "key": "SE_Combo5",
            "urls": ["assets/sounds/SE_Combo5.mp3"],
            "autoDecode": true
        },
        {
            "type": "audio",
            "key": "SE_Combo7",
            "urls": ["assets/sounds/SE_Combo7.mp3"],
            "autoDecode": true
        },
        {
            "type": "image",
            "key": "warning",
            "url": "assets/images/inGameUI/warning.png",
            "overwrite": false
        },
        {
            "type": "spritesheet",
            "key": "animFeverMode",
            "url": "assets/spritesheets/animFeverMode.png",
            "frameWidth": 720,
            "frameHeight": 898,
            "frameMax": -1,
            "margin": 0,
            "spacing": 0
        },
        {
            "type": "atlas",
            "key": "txtImage",
            "textureURL": "assets/images/inGameUI/txtImage.png",
            "atlasURL": "assets/images/inGameUI/txtImage.json",
            "format": "TEXTURE_ATLAS_JSON_ARRAY"
        },
        {
            "type": "audio",
            "key": "SE_Fever_Loop",
            "urls": ["assets/sounds/SE_Fever_Loop.mp3"],
            "autoDecode": true
        },
        {
            "type": "audio",
            "key": "SE_Ready_Voice",
            "urls": ["assets/sounds/SE_Ready_Voice.mp3"],
            "autoDecode": true
        },
        {
            "type": "audio",
            "key": "SE_Result",
            "urls": ["assets/sounds/SE_Result.mp3"],
            "autoDecode": true
        },
        {
            "type": "audio",
            "key": "SE_Start_Voice",
            "urls": ["assets/sounds/SE_Start_Voice.mp3"],
            "autoDecode": true
        },
        {
            "type": "audio",
            "key": "SE_Match_Special",
            "urls": ["assets/sounds/SE_Match_Special.wav"],
            "autoDecode": true
        },
        {
            "type": "atlas",
            "key": "interruptIce",
            "textureURL": "assets/images/interruptIce.png",
            "atlasURL": "assets/images/interruptIce.json",
            "format": "TEXTURE_ATLAS_JSON_ARRAY"
        },
        {
            "type": "script",
            "key": "InterruptIceScene",
            "url": "assets/canvas/InterruptIceScene.js"
        },
        {
            "type": "spritesheet",
            "key": "animHint",
            "url": "assets/spritesheets/animHint.png",
            "frameWidth": 124,
            "frameHeight": 124,
            "frameMax": -1,
            "margin": 0,
            "spacing": 0
        },
        {
            "type": "bitmapFont",
            "key": "comboAndScoreBitmapText",
            "textureURL": "assets/images/bitmapText/comboAndScoreBitmapText.png",
            "atlasURL": "assets/images/bitmapText/comboAndScoreBitmapText.xml",
            "xSpacing": 0,
            "ySpacing": 0
        },
        {
            "type": "bitmapFont",
            "key": "feverScoreBitmapText",
            "textureURL": "assets/images/bitmapText/feverScoreBitmapText.png",
            "atlasURL": "assets/images/bitmapText/feverScoreBitmapText.xml",
            "xSpacing": 0,
            "ySpacing": 0
        },
        {
            "type": "atlas",
            "key": "upperUI",
            "textureURL": "assets/images/upperUI.png",
            "atlasURL": "assets/images/upperUI.json",
            "format": "TEXTURE_ATLAS_JSON_ARRAY"
        },
        {
            "type": "atlas",
            "key": "bottomUI",
            "textureURL": "assets/images/bottomUI.png",
            "atlasURL": "assets/images/bottomUI.json",
            "format": "TEXTURE_ATLAS_JSON_ARRAY"
        },
        {
            "type": "script",
            "key": "interruptCloudScene",
            "url": "assets/canvas/interruptCloudScene.js"
        },
        {
            "type": "image",
            "key": "light",
            "url": "assets/images/light.png",
            "overwrite": false
        },
        {
            "type": "spritesheet",
            "key": "animMaxEffect",
            "url": "assets/spritesheets/animMaxEffect.png",
            "frameWidth": 170,
            "frameHeight": 160,
            "frameMax": -1,
            "margin": 0,
            "spacing": 0
        },
        {
            "type": "spritesheet",
            "key": "animUpperUI",
            "url": "assets/spritesheets/animUpperUI.png",
            "frameWidth": 720,
            "frameHeight": 256,
            "frameMax": -1,
            "margin": 0,
            "spacing": 0
        },
        {
            "type": "audio",
            "key": "SE_Match1_1",
            "urls": ["assets/sounds/SE_Match1_1.mp3"],
            "autoDecode": true
        },
        {
            "type": "audio",
            "key": "SE_Match1_2",
            "urls": ["assets/sounds/SE_Match1_2.mp3"],
            "autoDecode": true
        },
        {
            "type": "audio",
            "key": "SE_Match2_1",
            "urls": ["assets/sounds/SE_Match2_1.mp3"],
            "autoDecode": true
        },
        {
            "type": "audio",
            "key": "SE_Match2_2",
            "urls": ["assets/sounds/SE_Match2_2.mp3"],
            "autoDecode": true
        },
        {
            "type": "audio",
            "key": "SE_Match3_1",
            "urls": ["assets/sounds/SE_Match3_1.mp3"],
            "autoDecode": true
        },
        {
            "type": "audio",
            "key": "SE_Match3_2",
            "urls": ["assets/sounds/SE_Match3_2.mp3"],
            "autoDecode": true
        },
        {
            "type": "bitmapFont",
            "key": "scoreUIText",
            "textureURL": "assets/images/bitmapText/scoreUIText.png",
            "atlasURL": "assets/images/bitmapText/scoreUIText.xml",
            "xSpacing": 0,
            "ySpacing": 0
        },
        {
            "type": "audio",
            "key": "SE_Skill_Full",
            "urls": ["assets/sounds/SE_Skill_Full.mp3"],
            "autoDecode": true
        },
        {
            "type": "spritesheet",
            "key": "animExplodeSpecial",
            "url": "assets/spritesheets/animExplodeSpecial.png",
            "frameWidth": 340,
            "frameHeight": 340,
            "frameMax": -1,
            "margin": 0,
            "spacing": 0
        },
        {
            "type": "audio",
            "key": "SE_Ice_Attack",
            "urls": ["assets/sounds/SE_Ice_Attack.mp3"],
            "autoDecode": true
        },
        {
            "type": "audio",
            "key": "SE_Rain_Attack",
            "urls": ["assets/sounds/SE_Rain_Attack.mp3"],
            "autoDecode": true
        },
        {
            "type": "audio",
            "key": "SE_Skill_Button",
            "urls": ["assets/sounds/SE_Skill_Button.mp3"],
            "autoDecode": true
        },
        {
            "type": "atlas",
            "key": "interruptCloud",
            "textureURL": "assets/images/interruptCloud.png",
            "atlasURL": "assets/images/interruptCloud.json",
            "format": "TEXTURE_ATLAS_JSON_ARRAY"
        },
        {
            "type": "audio",
            "key": "SE_Countdown1",
            "urls": ["assets/sounds/SE_Countdown1.mp3"],
            "autoDecode": true
        },
        {
            "type": "audio",
            "key": "SE_Countdown2",
            "urls": ["assets/sounds/SE_Countdown2.mp3"],
            "autoDecode": true
        },
        {
            "type": "atlas",
            "key": "timerGauge",
            "textureURL": "assets/images/inGameUI/timerGauge.png",
            "atlasURL": "assets/images/inGameUI/timerGauge.json",
            "format": "TEXTURE_ATLAS_JSON_ARRAY"
        },
        {
            "type": "atlas",
            "key": "boardNotice",
            "textureURL": "assets/images/inGameUI/boardNotice.png",
            "atlasURL": "assets/images/inGameUI/boardNotice.json",
            "format": "TEXTURE_ATLAS_JSON_ARRAY"
        },
        {
            "type": "spritesheet",
            "key": "animLoseBoard",
            "url": "assets/spritesheets/animLoseBoard.png",
            "frameWidth": 720,
            "frameHeight": 738,
            "frameMax": -1,
            "margin": 0,
            "spacing": 0
        }
    ],
    "lobby": [
        {
            "type": "script",
            "key": "LobbyScene",
            "url": "assets/canvas/LobbyScene.js"
        },
        {
            "type": "image",
            "key": "btnPlayWithAni",
            "url": "assets/images/btnPlayWithAni.png",
            "overwrite": false
        },
        {
            "type": "image",
            "key": "common_bg",
            "url": "assets/images/common_bg.jpg",
            "overwrite": false
        },
        {
            "type": "image",
            "key": "animate_dot",
            "url": "assets/images/lobby/animate_dot.png",
            "overwrite": false
        },
        {
            "type": "image",
            "key": "common_vs",
            "url": "assets/images/lobby/common_vs.png",
            "overwrite": false
        },
        {
            "type": "image",
            "key": "count",
            "url": "assets/images/lobby/count.png",
            "overwrite": false
        },
        {
            "type": "image",
            "key": "thumb_bg",
            "url": "assets/images/lobby/thumb_bg.png",
            "overwrite": false
        },
        {
            "type": "image",
            "key": "waiting",
            "url": "assets/images/lobby/waiting.png",
            "overwrite": false
        },
        {
            "type": "image",
            "key": "profile",
            "url": "assets/images/lobby/profile.jpg",
            "overwrite": false
        },
        {
            "type": "image",
            "key": "lv_bg",
            "url": "assets/images/lobby/lv_bg.png",
            "overwrite": false
        }
    ],
    "result": [
        {
            "type": "image",
            "key": "btnResultNewGame",
            "url": "assets/images/btnResultNewGame.jpg",
            "overwrite": false
        },
        {
            "type": "image",
            "key": "btnResultRematch",
            "url": "assets/images/btnResultRematch.png",
            "overwrite": false
        },
        {
            "type": "script",
            "key": "ResultScene",
            "url": "assets/canvas/ResultScene.js"
        },
        {
            "type": "image",
            "key": "btnNewGame",
            "url": "assets/images/result/btnNewGame.png",
            "overwrite": false
        },
        {
            "type": "image",
            "key": "btnRematch",
            "url": "assets/images/result/btnRematch.png",
            "overwrite": false
        },
        {
            "type": "image",
            "key": "imgNewpaper",
            "url": "assets/images/result/imgNewpaper.png",
            "overwrite": false
        },
        {
            "type": "image",
            "key": "imgThumbLose",
            "url": "assets/images/result/imgThumbLose.png",
            "overwrite": false
        },
        {
            "type": "image",
            "key": "imgThumbWin",
            "url": "assets/images/result/imgThumbWin.png",
            "overwrite": false
        },
        {
            "type": "image",
            "key": "imgWinnerBacklight_a",
            "url": "assets/images/result/imgWinnerBacklight_a.png",
            "overwrite": false
        },
        {
            "type": "image",
            "key": "imgWinnerCrown",
            "url": "assets/images/result/imgWinnerCrown.png",
            "overwrite": false
        },
        {
            "type": "image",
            "key": "imgWinnerEffect",
            "url": "assets/images/result/imgWinnerEffect.png",
            "overwrite": false
        },
        {
            "type": "image",
            "key": "imgWinnerLeftBlock",
            "url": "assets/images/result/imgWinnerLeftBlock.png",
            "overwrite": false
        },
        {
            "type": "image",
            "key": "imgWinnerRightBlock",
            "url": "assets/images/result/imgWinnerRightBlock.png",
            "overwrite": false
        },
        {
            "type": "image",
            "key": "imgWinnerTitle",
            "url": "assets/images/result/imgWinnerTitle.png",
            "overwrite": false
        },
        {
            "type": "image",
            "key": "coin",
            "url": "assets/images/result/coin.png",
            "overwrite": false
        },
        {
            "type": "image",
            "key": "lv_bg_s",
            "url": "assets/images/result/lv_bg_s.png",
            "overwrite": false
        },
        {
            "type": "spritesheet",
            "key": "resultWinnerHalo",
            "url": "assets/images/result/resultWinnerHalo.png",
            "frameWidth": 558,
            "frameHeight": 558,
            "frameMax": -1,
            "margin": 0,
            "spacing": 0
        }
    ],
    "meta": {
        "generated": "1492068979570",
        "app": "Phaser Editor",
        "url": "http://phasereditor.boniatillo.com",
        "version": "1.0",
        "copyright": "Arian Fornaris (c) 2015,2016"
    }
}