{"frames": [

{
	"filename": "0.png",
	"frame": {"x":0,"y":0,"w":68,"h":94},
	"rotated": false,
	"trimmed": false,
	"spriteSourceSize": {"x":0,"y":0,"w":68,"h":94},
	"sourceSize": {"w":68,"h":94}
},
{
	"filename": "1.png",
	"frame": {"x":68,"y":0,"w":68,"h":94},
	"rotated": false,
	"trimmed": false,
	"spriteSourceSize": {"x":0,"y":0,"w":68,"h":94},
	"sourceSize": {"w":68,"h":94}
},
{
	"filename": "2.png",
	"frame": {"x":136,"y":0,"w":68,"h":94},
	"rotated": false,
	"trimmed": false,
	"spriteSourceSize": {"x":0,"y":0,"w":68,"h":94},
	"sourceSize": {"w":68,"h":94}
},
{
	"filename": "3.png",
	"frame": {"x":204,"y":0,"w":68,"h":94},
	"rotated": false,
	"trimmed": false,
	"spriteSourceSize": {"x":0,"y":0,"w":68,"h":94},
	"sourceSize": {"w":68,"h":94}
},
{
	"filename": "4.png",
	"frame": {"x":272,"y":0,"w":68,"h":94},
	"rotated": false,
	"trimmed": false,
	"spriteSourceSize": {"x":0,"y":0,"w":68,"h":94},
	"sourceSize": {"w":68,"h":94}
},
{
	"filename": "5.png",
	"frame": {"x":340,"y":0,"w":68,"h":94},
	"rotated": false,
	"trimmed": false,
	"spriteSourceSize": {"x":0,"y":0,"w":68,"h":94},
	"sourceSize": {"w":68,"h":94}
},
{
	"filename": "6.png",
	"frame": {"x":408,"y":0,"w":68,"h":94},
	"rotated": false,
	"trimmed": false,
	"spriteSourceSize": {"x":0,"y":0,"w":68,"h":94},
	"sourceSize": {"w":68,"h":94}
},
{
	"filename": "7.png",
	"frame": {"x":476,"y":0,"w":68,"h":94},
	"rotated": false,
	"trimmed": false,
	"spriteSourceSize": {"x":0,"y":0,"w":68,"h":94},
	"sourceSize": {"w":68,"h":94}
},
{
	"filename": "8.png",
	"frame": {"x":544,"y":0,"w":68,"h":94},
	"rotated": false,
	"trimmed": false,
	"spriteSourceSize": {"x":0,"y":0,"w":68,"h":94},
	"sourceSize": {"w":68,"h":94}
},
{
	"filename": "9.png",
	"frame": {"x":612,"y":0,"w":68,"h":94},
	"rotated": false,
	"trimmed": false,
	"spriteSourceSize": {"x":0,"y":0,"w":68,"h":94},
	"sourceSize": {"w":68,"h":94}
},
{
	"filename": "combo_text.png",
	"frame": {"x":680,"y":0,"w":300,"h":94},
	"rotated": false,
	"trimmed": false,
	"spriteSourceSize": {"x":0,"y":0,"w":300,"h":94},
	"sourceSize": {"w":300,"h":94}
}],
"meta": {
	"app": "http://www.codeandweb.com/texturepacker",
	"version": "1.0",
	"image": "fontCombo.png",
	"format": "RGBA8888",
	"size": {"w":980,"h":94},
	"scale": "1",
	"smartupdate": "$TexturePacker:SmartUpdate:c88b898ce8565919122b0a326c6d02b7:70ba611949ce2200c769935b7c6e1242:1c50d533091fdc282e791ca7138ffec1$"
}
}
