{"frames": [

{
	"filename": "counter_thumb.png",
	"frame": {"x":0,"y":0,"w":172,"h":139},
	"rotated": false,
	"trimmed": false,
	"spriteSourceSize": {"x":0,"y":0,"w":172,"h":139},
	"sourceSize": {"w":172,"h":139}
},
{
	"filename": "ice_01.png",
	"frame": {"x":172,"y":0,"w":71,"h":84},
	"rotated": false,
	"trimmed": false,
	"spriteSourceSize": {"x":0,"y":0,"w":71,"h":84},
	"sourceSize": {"w":71,"h":84}
},
{
	"filename": "ice_02.png",
	"frame": {"x":0,"y":139,"w":71,"h":84},
	"rotated": false,
	"trimmed": false,
	"spriteSourceSize": {"x":0,"y":0,"w":71,"h":84},
	"sourceSize": {"w":71,"h":84}
},
{
	"filename": "ice_03.png",
	"frame": {"x":71,"y":139,"w":71,"h":84},
	"rotated": false,
	"trimmed": false,
	"spriteSourceSize": {"x":0,"y":0,"w":71,"h":84},
	"sourceSize": {"w":71,"h":84}
},
{
	"filename": "ice_04.png",
	"frame": {"x":142,"y":139,"w":71,"h":84},
	"rotated": false,
	"trimmed": false,
	"spriteSourceSize": {"x":0,"y":0,"w":71,"h":84},
	"sourceSize": {"w":71,"h":84}
},
{
	"filename": "ice_05.png",
	"frame": {"x":0,"y":223,"w":71,"h":84},
	"rotated": false,
	"trimmed": false,
	"spriteSourceSize": {"x":0,"y":0,"w":71,"h":84},
	"sourceSize": {"w":71,"h":84}
},
{
	"filename": "ice_nodetail.png",
	"frame": {"x":71,"y":223,"w":101,"h":101},
	"rotated": false,
	"trimmed": false,
	"spriteSourceSize": {"x":0,"y":0,"w":101,"h":101},
	"sourceSize": {"w":101,"h":101}
},
{
	"filename": "ice_thumb.png",
	"frame": {"x":172,"y":223,"w":62,"h":62},
	"rotated": false,
	"trimmed": false,
	"spriteSourceSize": {"x":0,"y":0,"w":62,"h":62},
	"sourceSize": {"w":62,"h":62}
}],
"meta": {
	"app": "http://www.codeandweb.com/texturepacker",
	"version": "1.0",
	"image": "interruptIce.png",
	"format": "RGBA8888",
	"size": {"w":243,"h":324},
	"scale": "1",
	"smartupdate": "$TexturePacker:SmartUpdate:3e0337f0c79c9660e610ada8ebd868f6:30511450033eac7933399326c003b8ea:20a7c006c038758f1b76f487e199c959$"
}
}
