{"frames": [

{
	"filename": "attack_cloud_01.png",
	"frame": {"x":200,"y":0,"w":50,"h":64},
	"rotated": false,
	"trimmed": false,
	"spriteSourceSize": {"x":0,"y":0,"w":50,"h":64},
	"sourceSize": {"w":50,"h":64}
},
{
	"filename": "attack_cloud_02.png",
	"frame": {"x":150,"y":0,"w":50,"h":64},
	"rotated": false,
	"trimmed": false,
	"spriteSourceSize": {"x":0,"y":0,"w":50,"h":64},
	"sourceSize": {"w":50,"h":64}
},
{
	"filename": "attack_cloud_03.png",
	"frame": {"x":50,"y":0,"w":50,"h":64},
	"rotated": false,
	"trimmed": false,
	"spriteSourceSize": {"x":0,"y":0,"w":50,"h":64},
	"sourceSize": {"w":50,"h":64}
},
{
	"filename": "attack_cloud_04.png",
	"frame": {"x":100,"y":0,"w":50,"h":64},
	"rotated": false,
	"trimmed": false,
	"spriteSourceSize": {"x":0,"y":0,"w":50,"h":64},
	"sourceSize": {"w":50,"h":64}
},
{
	"filename": "attack_cloud_05.png",
	"frame": {"x":0,"y":0,"w":50,"h":64},
	"rotated": false,
	"trimmed": false,
	"spriteSourceSize": {"x":0,"y":0,"w":50,"h":64},
	"sourceSize": {"w":50,"h":64}
},
{
	"filename": "attack_cloud_bg.png",
	"frame": {"x":0,"y":64,"w":327,"h":333},
	"rotated": false,
	"trimmed": false,
	"spriteSourceSize": {"x":0,"y":0,"w":327,"h":333},
	"sourceSize": {"w":327,"h":333}
},
{
	"filename": "attack_cloud_thumbnail_mask.png",
	"frame": {"x":250,"y":0,"w":62,"h":62},
	"rotated": false,
	"trimmed": false,
	"spriteSourceSize": {"x":0,"y":0,"w":62,"h":62},
	"sourceSize": {"w":62,"h":62}
}],
"meta": {
	"app": "http://www.codeandweb.com/texturepacker",
	"version": "1.0",
	"image": "interruptCloud.png",
	"format": "RGBA8888",
	"size": {"w":327,"h":397},
	"scale": "1",
	"smartupdate": "$TexturePacker:SmartUpdate:76c78f6deb5d00f63ba368b489895cc4:c43d0875c6f9058a78919571bae0b4cb:21b7ab771e2e2cafbf5965a1ec0eeb44$"
}
}
